{
  "id": "3062949",
  "name": "小米shan'gou",
  "font_family": "iconfont",
  "css_prefix_text": "icon-",
  "description": "",
  "glyphs": [
    {
      "icon_id": "629357",
      "name": "搜索",
      "font_class": "sousuo",
      "unicode": "e651",
      "unicode_decimal": 58961
    },
    {
      "icon_id": "1718322",
      "name": "日历2",
      "font_class": "rili",
      "unicode": "e600",
      "unicode_decimal": 58880
    },
    {
      "icon_id": "1718324",
      "name": "日历4",
      "font_class": "rili1",
      "unicode": "e601",
      "unicode_decimal": 58881
    },
    {
      "icon_id": "3456452",
      "name": "购物车",
      "font_class": "gouwuche",
      "unicode": "e70b",
      "unicode_decimal": 59147
    },
    {
      "icon_id": "5802479",
      "name": "放大镜",
      "font_class": "Magnifier",
      "unicode": "e62d",
      "unicode_decimal": 58925
    },
    {
      "icon_id": "17605494",
      "name": "订单",
      "font_class": "dingdan",
      "unicode": "e818",
      "unicode_decimal": 59416
    }
  ]
}
